scf00000002	804359	805542	.	9860	-	RepeatMasker-4.0.1	similarity	.	Target=PiggyBac-1_AstCal	DNA/PiggyBac	434	1634;Div=1.5;Del=1.4;Ins=0.0;SWscore=9860;color=#ff6666
scf00000002	844936	845448	.	4097	-	RepeatMasker-4.0.1	similarity	.	Target=PiggyBac-1_AstCal	DNA/PiggyBac	1115	1634;Div=2.3;Del=1.6;Ins=0.2;SWscore=4097;color=#ff6666
scf00000003	560047	560682	.	4502	+	RepeatMasker-4.0.1	similarity	.	Target=PiggyBac-1_AstCal	DNA/PiggyBac	158	795;Div=5.6;Del=2.4;Ins=2.0;SWscore=4502;color=#ff6666
scf00000003	560684	560978	.	2165	+	RepeatMasker-4.0.1	similarity	.	Target=PiggyBac-1_AstCal	DNA/PiggyBac	1331	1634;Div=2.4;Del=3.4;Ins=0.3;SWscore=2165;color=#ff6666
scf00000003	755119	756748	.	14673	+	RepeatMasker-4.0.1	similarity	.	Target=PiggyBac-1_AstCal	DNA/PiggyBac	1	1634;Div=1.6;Del=0.2;Ins=0.0;SWscore=14673;color=#ff6666
scf00000004	91965	92428	.	3305	-	RepeatMasker-4.0.1	similarity	.	Target=PiggyBac-1_AstCal	DNA/PiggyBac	678	1129;Div=5.2;Del=2.4;Ins=5.1;SWscore=3305;color=#ff6666
scf00000004	92434	92929	.	3948	-	RepeatMasker-4.0.1	similarity	.	Target=PiggyBac-1_AstCal	DNA/PiggyBac	4	505;Div=4.5;Del=2.0;Ins=0.8;SWscore=3948;color=#ff6666
chr1	984437	985441	.	9074	+	RepeatMasker-4.0.1	similarity	.	Target=PiggyBac-1_AstCal	DNA/PiggyBac	2	1015;Div=1.1;Del=0.9;Ins=0.0;SWscore=9074;color=#ff6666
chr1	985519	986126	.	5244	+	RepeatMasker-4.0.1	similarity	.	Target=PiggyBac-1_AstCal	DNA/PiggyBac	1012	1633;Div=2.5;Del=2.3;Ins=0.0;SWscore=5244;color=#ff6666
chr1	1720772	1721088	.	2643	-	RepeatMasker-4.0.1	similarity	.	Target=PiggyBac-1_AstCal	DNA/PiggyBac	1306	1634;Div=1.9;Del=3.8;Ins=0.0;SWscore=2643;color=#ff6666
chr1	3124513	3125037	.	4724	+	RepeatMasker-4.0.1	similarity	.	Target=PiggyBac-1_AstCal	DNA/PiggyBac	991	1522;Div=1.1;Del=1.3;Ins=0.0;SWscore=4724;color=#ff6666
chr1	3714767	3715083	.	2643	-	RepeatMasker-4.0.1	similarity	.	Target=PiggyBac-1_AstCal	DNA/PiggyBac	1306	1634;Div=2.2;Del=3.8;Ins=0.0;SWscore=2643;color=#ff6666
chr1	4701833	4702149	.	2646	-	RepeatMasker-4.0.1	similarity	.	Target=PiggyBac-1_AstCal	DNA/PiggyBac	1306	1634;Div=2.2;Del=3.8;Ins=0.0;SWscore=2646;color=#ff6666
chr1	9567869	9568169	.	2331	-	RepeatMasker-4.0.1	similarity	.	Target=PiggyBac-1_AstCal	DNA/PiggyBac	1306	1618;Div=2.0;Del=4.0;Ins=0.0;SWscore=2331;color=#ff6666
chr1	15059228	15059544	.	2474	+	RepeatMasker-4.0.1	similarity	.	Target=PiggyBac-1_AstCal	DNA/PiggyBac	1306	1634;Div=1.9;Del=3.8;Ins=0.0;SWscore=2474;color=#ff6666
chr1	15618168	15618484	.	2474	+	RepeatMasker-4.0.1	similarity	.	Target=PiggyBac-1_AstCal	DNA/PiggyBac	1306	1634;Div=1.9;Del=3.8;Ins=0.0;SWscore=2474;color=#ff6666
chr1	16285054	16285370	.	2474	-	RepeatMasker-4.0.1	similarity	.	Target=PiggyBac-1_AstCal	DNA/PiggyBac	1306	1634;Div=1.9;Del=3.8;Ins=0.0;SWscore=2474;color=#ff6666
chr1	16526938	16527254	.	2474	-	RepeatMasker-4.0.1	similarity	.	Target=PiggyBac-1_AstCal	DNA/PiggyBac	1306	1634;Div=1.9;Del=3.8;Ins=0.0;SWscore=2474;color=#ff6666
chr1	33999929	34000754	.	7388	+	RepeatMasker-4.0.1	similarity	.	Target=PiggyBac-1_AstCal	DNA/PiggyBac	1	832;Div=1.1;Del=0.7;Ins=0.0;SWscore=7388;color=#ff6666
chr1	35440804	35442375	.	14200	-	RepeatMasker-4.0.1	similarity	.	Target=PiggyBac-1_AstCal	DNA/PiggyBac	62	1634;Div=1.3;Del=0.3;Ins=0.2;SWscore=14200;color=#ff6666
chr1	36433292	36433995	.	6037	-	RepeatMasker-4.0.1	similarity	.	Target=PiggyBac-1_AstCal	DNA/PiggyBac	916	1634;Div=2.7;Del=2.1;Ins=0.0;SWscore=6037;color=#ff6666
chr1	36434043	36434435	.	3454	-	RepeatMasker-4.0.1	similarity	.	Target=PiggyBac-1_AstCal	DNA/PiggyBac	528	920;Div=3.0;Del=0.0;Ins=0.0;SWscore=3454;color=#ff6666
chr1	36435086	36435615	.	4591	-	RepeatMasker-4.0.1	similarity	.	Target=PiggyBac-1_AstCal	DNA/PiggyBac	1	536;Div=2.6;Del=1.1;Ins=0.0;SWscore=4591;color=#ff6666
chr1	39058816	39060456	.	14725	+	RepeatMasker-4.0.1	similarity	.	Target=PiggyBac-1_AstCal	DNA/PiggyBac	1	1634;Div=1.4;Del=0.1;Ins=0.6;SWscore=14725;color=#ff6666
chr1	39326931	39328570	.	14795	-	RepeatMasker-4.0.1	similarity	.	Target=PiggyBac-1_AstCal	DNA/PiggyBac	1	1634;Div=1.4;Del=0.1;Ins=0.4;SWscore=14795;color=#ff6666
chr1	40379334	40379713	.	2928	-	RepeatMasker-4.0.1	similarity	.	Target=PiggyBac-1_AstCal	DNA/PiggyBac	1264	1634;Div=1.9;Del=0.3;Ins=2.7;SWscore=2928;color=#ff6666
chr1	40380802	40382069	.	10845	-	RepeatMasker-4.0.1	similarity	.	Target=PiggyBac-1_AstCal	DNA/PiggyBac	1	1272;Div=1.3;Del=0.3;Ins=0.0;SWscore=10845;color=#ff6666
chr1	40430995	40432600	.	13441	+	RepeatMasker-4.0.1	similarity	.	Target=PiggyBac-1_AstCal	DNA/PiggyBac	1	1634;Div=1.2;Del=1.7;Ins=0.0;SWscore=13441;color=#ff6666
chr1	40532603	40532904	.	2485	-	RepeatMasker-4.0.1	similarity	.	Target=PiggyBac-1_AstCal	DNA/PiggyBac	1337	1634;Div=1.3;Del=0.0;Ins=1.3;SWscore=2485;color=#ff6666
chr10	199487	199803	.	2640	-	RepeatMasker-4.0.1	similarity	.	Target=PiggyBac-1_AstCal	DNA/PiggyBac	1306	1634;Div=2.2;Del=3.8;Ins=0.0;SWscore=2640;color=#ff6666
chr10	251153	251469	.	2640	-	RepeatMasker-4.0.1	similarity	.	Target=PiggyBac-1_AstCal	DNA/PiggyBac	1306	1634;Div=2.2;Del=3.8;Ins=0.0;SWscore=2640;color=#ff6666
chr10	2768012	2768328	.	2663	+	RepeatMasker-4.0.1	similarity	.	Target=PiggyBac-1_AstCal	DNA/PiggyBac	1306	1634;Div=1.9;Del=3.8;Ins=0.0;SWscore=2663;color=#ff6666
chr10	4231350	4232976	.	13682	+	RepeatMasker-4.0.1	similarity	.	Target=PiggyBac-1_AstCal	DNA/PiggyBac	1	1634;Div=1.4;Del=0.6;Ins=0.1;SWscore=13682;color=#ff6666
chr10	7325508	7325823	.	2634	+	RepeatMasker-4.0.1	similarity	.	Target=PiggyBac-1_AstCal	DNA/PiggyBac	1306	1633;Div=2.2;Del=3.8;Ins=0.0;SWscore=2634;color=#ff6666
chr10	8432489	8432778	.	2275	+	RepeatMasker-4.0.1	similarity	.	Target=PiggyBac-1_AstCal	DNA/PiggyBac	1333	1634;Div=1.7;Del=4.1;Ins=0.0;SWscore=2275;color=#ff6666
chr10	14091597	14093230	.	14180	+	RepeatMasker-4.0.1	similarity	.	Target=PiggyBac-1_AstCal	DNA/PiggyBac	1	1634;Div=2.2;Del=0.1;Ins=0.1;SWscore=14180;color=#ff6666
chr10	15142889	15144526	.	13852	-	RepeatMasker-4.0.1	similarity	.	Target=PiggyBac-1_AstCal	DNA/PiggyBac	1	1634;Div=1.3;Del=0.1;Ins=0.3;SWscore=13852;color=#ff6666
chr10	20960688	20961004	.	2474	+	RepeatMasker-4.0.1	similarity	.	Target=PiggyBac-1_AstCal	DNA/PiggyBac	1306	1634;Div=1.9;Del=3.8;Ins=0.0;SWscore=2474;color=#ff6666
chr10	21014076	21014392	.	2458	+	RepeatMasker-4.0.1	similarity	.	Target=PiggyBac-1_AstCal	DNA/PiggyBac	1306	1634;Div=2.2;Del=3.8;Ins=0.0;SWscore=2458;color=#ff6666
chr10	30543454	30543777	.	2452	+	RepeatMasker-4.0.1	similarity	.	Target=PiggyBac-1_AstCal	DNA/PiggyBac	1301	1634;Div=2.2;Del=3.7;Ins=0.6;SWscore=2452;color=#ff6666
chr11	2689142	2689458	.	2643	+	RepeatMasker-4.0.1	similarity	.	Target=PiggyBac-1_AstCal	DNA/PiggyBac	1306	1634;Div=1.9;Del=3.8;Ins=0.0;SWscore=2643;color=#ff6666
chr11	3162060	3162376	.	2643	+	RepeatMasker-4.0.1	similarity	.	Target=PiggyBac-1_AstCal	DNA/PiggyBac	1306	1634;Div=1.9;Del=3.8;Ins=0.0;SWscore=2643;color=#ff6666
chr11	4414973	4415288	.	2412	-	RepeatMasker-4.0.1	similarity	.	Target=PiggyBac-1_AstCal	DNA/PiggyBac	1307	1634;Div=2.9;Del=3.8;Ins=0.0;SWscore=2412;color=#ff6666
chr11	5644629	5644945	.	2636	-	RepeatMasker-4.0.1	similarity	.	Target=PiggyBac-1_AstCal	DNA/PiggyBac	1306	1634;Div=2.2;Del=3.8;Ins=0.0;SWscore=2636;color=#ff6666
chr11	7105393	7106312	.	8280	+	RepeatMasker-4.0.1	similarity	.	Target=PiggyBac-1_AstCal	DNA/PiggyBac	1	920;Div=2.2;Del=0.0;Ins=0.0;SWscore=8280;color=#ff6666
chr11	7106405	7107111	.	5984	+	RepeatMasker-4.0.1	similarity	.	Target=PiggyBac-1_AstCal	DNA/PiggyBac	916	1634;Div=3.1;Del=1.8;Ins=0.1;SWscore=5984;color=#ff6666
chr11	7530466	7530781	.	2606	+	RepeatMasker-4.0.1	similarity	.	Target=PiggyBac-1_AstCal	DNA/PiggyBac	1306	1634;Div=1.9;Del=4.1;Ins=0.0;SWscore=2606;color=#ff6666
chr11	12729795	12731403	.	14497	+	RepeatMasker-4.0.1	similarity	.	Target=PiggyBac-1_AstCal	DNA/PiggyBac	1	1634;Div=1.1;Del=1.6;Ins=0.0;SWscore=14497;color=#ff6666
chr11	24465729	24467347	.	13598	+	RepeatMasker-4.0.1	similarity	.	Target=PiggyBac-1_AstCal	DNA/PiggyBac	1	1634;Div=1.5;Del=0.9;Ins=0.0;SWscore=13598;color=#ff6666
chr11	25351645	25351961	.	2449	-	RepeatMasker-4.0.1	similarity	.	Target=PiggyBac-1_AstCal	DNA/PiggyBac	1306	1634;Div=2.2;Del=3.8;Ins=0.0;SWscore=2449;color=#ff6666
chr11	25582643	25582959	.	2537	+	RepeatMasker-4.0.1	similarity	.	Target=PiggyBac-1_AstCal	DNA/PiggyBac	1306	1634;Div=2.5;Del=3.8;Ins=0.0;SWscore=2537;color=#ff6666
chr11	29609446	29609762	.	2474	+	RepeatMasker-4.0.1	similarity	.	Target=PiggyBac-1_AstCal	DNA/PiggyBac	1306	1634;Div=1.9;Del=3.8;Ins=0.0;SWscore=2474;color=#ff6666
chr11	31058800	31059116	.	2417	-	RepeatMasker-4.0.1	similarity	.	Target=PiggyBac-1_AstCal	DNA/PiggyBac	1306	1634;Div=2.8;Del=3.8;Ins=0.0;SWscore=2417;color=#ff6666
chr11	31397738	31398054	.	2457	+	RepeatMasker-4.0.1	similarity	.	Target=PiggyBac-1_AstCal	DNA/PiggyBac	1306	1634;Div=2.2;Del=3.8;Ins=0.0;SWscore=2457;color=#ff6666
chr12	453840	454156	.	2663	+	RepeatMasker-4.0.1	similarity	.	Target=PiggyBac-1_AstCal	DNA/PiggyBac	1306	1634;Div=1.9;Del=3.8;Ins=0.0;SWscore=2663;color=#ff6666
chr12	1456722	1456993	.	1935	-	RepeatMasker-4.0.1	similarity	.	Target=PiggyBac-1_AstCal	DNA/PiggyBac	1348	1634;Div=3.8;Del=7.3;Ins=1.7;SWscore=1935;color=#ff6666
chr12	3458897	3459213	.	2433	+	RepeatMasker-4.0.1	similarity	.	Target=PiggyBac-1_AstCal	DNA/PiggyBac	1306	1634;Div=2.5;Del=3.8;Ins=0.0;SWscore=2433;color=#ff6666
chr12	8903421	8903737	.	2643	+	RepeatMasker-4.0.1	similarity	.	Target=PiggyBac-1_AstCal	DNA/PiggyBac	1306	1634;Div=1.9;Del=3.8;Ins=0.0;SWscore=2643;color=#ff6666
chr12	13392982	13393298	.	2457	-	RepeatMasker-4.0.1	similarity	.	Target=PiggyBac-1_AstCal	DNA/PiggyBac	1306	1634;Div=2.2;Del=3.8;Ins=0.0;SWscore=2457;color=#ff6666
chr12	14161715	14162471	.	1605	-	RepeatMasker-4.0.1	similarity	.	Target=PiggyBac-1_AstCal	DNA/PiggyBac	389	1295;Div=22.2;Del=21.9;Ins=1.8;SWscore=1605;color=#ff6666
chr12	14828869	14829185	.	2540	-	RepeatMasker-4.0.1	similarity	.	Target=PiggyBac-1_AstCal	DNA/PiggyBac	1306	1634;Div=2.5;Del=3.8;Ins=0.0;SWscore=2540;color=#ff6666
chr12	16980445	16980761	.	2625	-	RepeatMasker-4.0.1	similarity	.	Target=PiggyBac-1_AstCal	DNA/PiggyBac	1306	1634;Div=2.2;Del=3.8;Ins=0.0;SWscore=2625;color=#ff6666
chr12	20885262	20886830	.	13153	-	RepeatMasker-4.0.1	similarity	.	Target=PiggyBac-1_AstCal	DNA/PiggyBac	1	1634;Div=2.9;Del=4.3;Ins=0.1;SWscore=13153;color=#ff6666
chr12	22211123	22211439	.	2663	+	RepeatMasker-4.0.1	similarity	.	Target=PiggyBac-1_AstCal	DNA/PiggyBac	1306	1634;Div=1.9;Del=3.8;Ins=0.0;SWscore=2663;color=#ff6666
chr12	24160600	24160916	.	2646	-	RepeatMasker-4.0.1	similarity	.	Target=PiggyBac-1_AstCal	DNA/PiggyBac	1306	1634;Div=2.2;Del=3.8;Ins=0.0;SWscore=2646;color=#ff6666
chr12	30367181	30367497	.	2571	+	RepeatMasker-4.0.1	similarity	.	Target=PiggyBac-1_AstCal	DNA/PiggyBac	1306	1634;Div=2.2;Del=3.8;Ins=0.0;SWscore=2571;color=#ff6666
chr12	35762630	35764211	.	13900	-	RepeatMasker-4.0.1	similarity	.	Target=PiggyBac-1_AstCal	DNA/PiggyBac	1	1574;Div=2.0;Del=0.3;Ins=0.8;SWscore=13900;color=#ff6666
chr12	35901742	35902136	.	3152	+	RepeatMasker-4.0.1	similarity	.	Target=PiggyBac-1_AstCal	DNA/PiggyBac	1251	1634;Div=2.4;Del=0.5;Ins=3.4;SWscore=3152;color=#ff6666
chr13	188210	188374	.	1487	+	RepeatMasker-4.0.1	similarity	.	Target=PiggyBac-1_AstCal	DNA/PiggyBac	1	165;Div=0.6;Del=0.0;Ins=0.0;SWscore=1487;color=#ff6666
chr13	189880	191251	.	12246	+	RepeatMasker-4.0.1	similarity	.	Target=PiggyBac-1_AstCal	DNA/PiggyBac	221	1634;Div=1.1;Del=3.1;Ins=0.1;SWscore=12246;color=#ff6666
chr13	196526	196884	.	3057	-	RepeatMasker-4.0.1	similarity	.	Target=PiggyBac-1_AstCal	DNA/PiggyBac	1275	1634;Div=1.4;Del=1.1;Ins=0.8;SWscore=3057;color=#ff6666
chr13	2406820	2408437	.	14595	+	RepeatMasker-4.0.1	similarity	.	Target=PiggyBac-1_AstCal	DNA/PiggyBac	1	1634;Div=1.7;Del=1.0;Ins=0.0;SWscore=14595;color=#ff6666
chr13	12368852	12369175	.	2476	+	RepeatMasker-4.0.1	similarity	.	Target=PiggyBac-1_AstCal	DNA/PiggyBac	1301	1634;Div=1.9;Del=3.7;Ins=0.6;SWscore=2476;color=#ff6666
chr13	23810915	23811231	.	2474	-	RepeatMasker-4.0.1	similarity	.	Target=PiggyBac-1_AstCal	DNA/PiggyBac	1306	1634;Div=1.9;Del=3.8;Ins=0.0;SWscore=2474;color=#ff6666
chr13	24899505	24901141	.	13943	-	RepeatMasker-4.0.1	similarity	.	Target=PiggyBac-1_AstCal	DNA/PiggyBac	1	1634;Div=1.5;Del=0.0;Ins=0.2;SWscore=13943;color=#ff6666
chr13	25050924	25052534	.	14177	-	RepeatMasker-4.0.1	similarity	.	Target=PiggyBac-1_AstCal	DNA/PiggyBac	1	1634;Div=1.4;Del=1.4;Ins=0.0;SWscore=14177;color=#ff6666
chr13	26527263	26527579	.	2474	-	RepeatMasker-4.0.1	similarity	.	Target=PiggyBac-1_AstCal	DNA/PiggyBac	1306	1634;Div=1.9;Del=3.8;Ins=0.0;SWscore=2474;color=#ff6666
chr13	26568342	26568466	.	1048	-	RepeatMasker-4.0.1	similarity	.	Target=PiggyBac-1_AstCal	DNA/PiggyBac	1510	1634;Div=1.6;Del=0.0;Ins=0.0;SWscore=1048;color=#ff6666
chr13	26570643	26570848	.	1503	-	RepeatMasker-4.0.1	similarity	.	Target=PiggyBac-1_AstCal	DNA/PiggyBac	1306	1523;Div=2.4;Del=5.8;Ins=0.0;SWscore=1503;color=#ff6666
chr13	27237750	27239315	.	11059	+	RepeatMasker-4.0.1	similarity	.	Target=PiggyBac-1_AstCal	DNA/PiggyBac	1	1602;Div=5.7;Del=3.8;Ins=1.4;SWscore=11059;color=#ff6666
chr13	29618893	29620517	.	14813	+	RepeatMasker-4.0.1	similarity	.	Target=PiggyBac-1_AstCal	DNA/PiggyBac	1	1634;Div=1.1;Del=0.6;Ins=0.0;SWscore=14813;color=#ff6666
chr13	32758523	32759725	.	10967	-	RepeatMasker-4.0.1	similarity	.	Target=PiggyBac-1_AstCal	DNA/PiggyBac	430	1634;Div=1.2;Del=0.2;Ins=0.0;SWscore=10967;color=#ff6666
chr13	32761053	32761505	.	3906	-	RepeatMasker-4.0.1	similarity	.	Target=PiggyBac-1_AstCal	DNA/PiggyBac	1	453;Div=3.1;Del=0.0;Ins=0.0;SWscore=3906;color=#ff6666
chr14	4421978	4422294	.	2643	-	RepeatMasker-4.0.1	similarity	.	Target=PiggyBac-1_AstCal	DNA/PiggyBac	1306	1634;Div=1.9;Del=3.8;Ins=0.0;SWscore=2643;color=#ff6666
chr14	4440896	4441212	.	2643	-	RepeatMasker-4.0.1	similarity	.	Target=PiggyBac-1_AstCal	DNA/PiggyBac	1306	1634;Div=1.9;Del=3.8;Ins=0.0;SWscore=2643;color=#ff6666
chr14	7677712	7678028	.	2450	-	RepeatMasker-4.0.1	similarity	.	Target=PiggyBac-1_AstCal	DNA/PiggyBac	1306	1634;Div=2.2;Del=3.8;Ins=0.0;SWscore=2450;color=#ff6666
chr14	8187175	8187491	.	2474	+	RepeatMasker-4.0.1	similarity	.	Target=PiggyBac-1_AstCal	DNA/PiggyBac	1306	1634;Div=1.9;Del=3.8;Ins=0.0;SWscore=2474;color=#ff6666
chr14	19571124	19571440	.	2586	+	RepeatMasker-4.0.1	similarity	.	Target=PiggyBac-1_AstCal	DNA/PiggyBac	1306	1634;Div=1.9;Del=3.8;Ins=0.0;SWscore=2586;color=#ff6666
chr14	21123638	21123958	.	2665	-	RepeatMasker-4.0.1	similarity	.	Target=PiggyBac-1_AstCal	DNA/PiggyBac	1301	1634;Div=1.9;Del=4.0;Ins=0.0;SWscore=2665;color=#ff6666
chr14	22258910	22259226	.	2474	+	RepeatMasker-4.0.1	similarity	.	Target=PiggyBac-1_AstCal	DNA/PiggyBac	1306	1634;Div=1.9;Del=3.8;Ins=0.0;SWscore=2474;color=#ff6666
chr14	22977926	22979520	.	14061	+	RepeatMasker-4.0.1	similarity	.	Target=PiggyBac-1_AstCal	DNA/PiggyBac	1	1634;Div=1.7;Del=2.5;Ins=0.0;SWscore=14061;color=#ff6666
chr14	28744059	28745662	.	13373	+	RepeatMasker-4.0.1	similarity	.	Target=PiggyBac-1_AstCal	DNA/PiggyBac	1	1634;Div=1.5;Del=2.1;Ins=0.2;SWscore=13373;color=#ff6666
chr14	34127229	34127545	.	2663	+	RepeatMasker-4.0.1	similarity	.	Target=PiggyBac-1_AstCal	DNA/PiggyBac	1306	1634;Div=1.9;Del=3.8;Ins=0.0;SWscore=2663;color=#ff6666
chr14	37873781	37874097	.	2646	-	RepeatMasker-4.0.1	similarity	.	Target=PiggyBac-1_AstCal	DNA/PiggyBac	1306	1634;Div=2.2;Del=3.8;Ins=0.0;SWscore=2646;color=#ff6666
chr14	39328785	39330389	.	13267	+	RepeatMasker-4.0.1	similarity	.	Target=PiggyBac-1_AstCal	DNA/PiggyBac	1	1634;Div=1.7;Del=2.0;Ins=0.2;SWscore=13267;color=#ff6666
chr15	1966282	1966598	.	2649	+	RepeatMasker-4.0.1	similarity	.	Target=PiggyBac-1_AstCal	DNA/PiggyBac	1306	1634;Div=2.2;Del=3.8;Ins=0.0;SWscore=2649;color=#ff6666
chr15	3253858	3254174	.	2663	+	RepeatMasker-4.0.1	similarity	.	Target=PiggyBac-1_AstCal	DNA/PiggyBac	1306	1634;Div=1.9;Del=3.8;Ins=0.0;SWscore=2663;color=#ff6666
chr15	4289181	4289497	.	2538	+	RepeatMasker-4.0.1	similarity	.	Target=PiggyBac-1_AstCal	DNA/PiggyBac	1306	1634;Div=2.8;Del=3.8;Ins=0.0;SWscore=2538;color=#ff6666
chr15	5713612	5713922	.	2650	+	RepeatMasker-4.0.1	similarity	.	Target=PiggyBac-1_AstCal	DNA/PiggyBac	1312	1634;Div=1.3;Del=3.9;Ins=0.0;SWscore=2650;color=#ff6666
chr15	6826103	6826419	.	2460	+	RepeatMasker-4.0.1	similarity	.	Target=PiggyBac-1_AstCal	DNA/PiggyBac	1306	1634;Div=2.2;Del=3.8;Ins=0.0;SWscore=2460;color=#ff6666
chr15	6980666	6980982	.	2435	-	RepeatMasker-4.0.1	similarity	.	Target=PiggyBac-1_AstCal	DNA/PiggyBac	1306	1634;Div=2.5;Del=3.8;Ins=0.0;SWscore=2435;color=#ff6666
chr15	8386624	8387470	.	7148	-	RepeatMasker-4.0.1	similarity	.	Target=PiggyBac-1_AstCal	DNA/PiggyBac	779	1634;Div=1.1;Del=1.2;Ins=0.1;SWscore=7148;color=#ff6666
chr15	8387579	8388203	.	5327	-	RepeatMasker-4.0.1	similarity	.	Target=PiggyBac-1_AstCal	DNA/PiggyBac	158	784;Div=1.6;Del=0.3;Ins=0.0;SWscore=5327;color=#ff6666
chr15	11094976	11096576	.	13401	-	RepeatMasker-4.0.1	similarity	.	Target=PiggyBac-1_AstCal	DNA/PiggyBac	1	1634;Div=1.2;Del=2.1;Ins=0.0;SWscore=13401;color=#ff6666
chr15	12977044	12977360	.	2663	-	RepeatMasker-4.0.1	similarity	.	Target=PiggyBac-1_AstCal	DNA/PiggyBac	1306	1634;Div=1.9;Del=3.8;Ins=0.0;SWscore=2663;color=#ff6666
chr15	14706244	14706560	.	2474	-	RepeatMasker-4.0.1	similarity	.	Target=PiggyBac-1_AstCal	DNA/PiggyBac	1306	1634;Div=1.9;Del=3.8;Ins=0.0;SWscore=2474;color=#ff6666
chr15	18872472	18872788	.	2646	+	RepeatMasker-4.0.1	similarity	.	Target=PiggyBac-1_AstCal	DNA/PiggyBac	1306	1634;Div=2.2;Del=3.8;Ins=0.0;SWscore=2646;color=#ff6666
chr15	20843915	20844227	.	2303	-	RepeatMasker-4.0.1	similarity	.	Target=PiggyBac-1_AstCal	DNA/PiggyBac	1306	1631;Div=3.8;Del=4.2;Ins=0.0;SWscore=2303;color=#ff6666
chr15	25466980	25467296	.	2638	-	RepeatMasker-4.0.1	similarity	.	Target=PiggyBac-1_AstCal	DNA/PiggyBac	1306	1634;Div=2.2;Del=3.8;Ins=0.0;SWscore=2638;color=#ff6666
chr15	27605590	27607200	.	14359	-	RepeatMasker-4.0.1	similarity	.	Target=PiggyBac-1_AstCal	DNA/PiggyBac	1	1634;Div=1.7;Del=1.6;Ins=0.1;SWscore=14359;color=#ff6666
chr15	29527369	29528965	.	13290	-	RepeatMasker-4.0.1	similarity	.	Target=PiggyBac-1_AstCal	DNA/PiggyBac	1	1634;Div=1.1;Del=2.4;Ins=0.1;SWscore=13290;color=#ff6666
chr15	32031076	32031390	.	2607	-	RepeatMasker-4.0.1	similarity	.	Target=PiggyBac-1_AstCal	DNA/PiggyBac	1306	1634;Div=1.9;Del=4.4;Ins=0.0;SWscore=2607;color=#ff6666
chr15	32885965	32886278	.	2592	-	RepeatMasker-4.0.1	similarity	.	Target=PiggyBac-1_AstCal	DNA/PiggyBac	1306	1634;Div=1.9;Del=4.8;Ins=0.0;SWscore=2592;color=#ff6666
chr15	33146646	33146962	.	2663	-	RepeatMasker-4.0.1	similarity	.	Target=PiggyBac-1_AstCal	DNA/PiggyBac	1306	1634;Div=1.9;Del=3.8;Ins=0.0;SWscore=2663;color=#ff6666
chr15	33936652	33936968	.	2426	-	RepeatMasker-4.0.1	similarity	.	Target=PiggyBac-1_AstCal	DNA/PiggyBac	1306	1634;Div=2.5;Del=3.8;Ins=0.0;SWscore=2426;color=#ff6666
chr15	35740564	35740880	.	2485	-	RepeatMasker-4.0.1	similarity	.	Target=PiggyBac-1_AstCal	DNA/PiggyBac	1306	1634;Div=1.9;Del=3.8;Ins=0.0;SWscore=2485;color=#ff6666
chr16	389368	390999	.	14594	+	RepeatMasker-4.0.1	similarity	.	Target=PiggyBac-1_AstCal	DNA/PiggyBac	1	1634;Div=2.2;Del=0.1;Ins=0.0;SWscore=14594;color=#ff6666
chr16	1923734	1925367	.	14597	-	RepeatMasker-4.0.1	similarity	.	Target=PiggyBac-1_AstCal	DNA/PiggyBac	1	1634;Div=1.8;Del=0.3;Ins=0.3;SWscore=14597;color=#ff6666
chr16	1966604	1968230	.	14504	+	RepeatMasker-4.0.1	similarity	.	Target=PiggyBac-1_AstCal	DNA/PiggyBac	1	1634;Div=2.0;Del=0.5;Ins=0.1;SWscore=14504;color=#ff6666
chr16	2388573	2389192	.	5142	-	RepeatMasker-4.0.1	similarity	.	Target=PiggyBac-1_AstCal	DNA/PiggyBac	985	1634;Div=3.4;Del=4.8;Ins=0.0;SWscore=5142;color=#ff6666
chr16	2399628	2400268	.	5436	-	RepeatMasker-4.0.1	similarity	.	Target=PiggyBac-1_AstCal	DNA/PiggyBac	985	1634;Div=3.6;Del=1.4;Ins=0.0;SWscore=5436;color=#ff6666
chr16	3894270	3895907	.	14532	-	RepeatMasker-4.0.1	similarity	.	Target=PiggyBac-1_AstCal	DNA/PiggyBac	1	1634;Div=2.0;Del=0.1;Ins=0.4;SWscore=14532;color=#ff6666
chr16	8857346	8858963	.	13322	-	RepeatMasker-4.0.1	similarity	.	Target=PiggyBac-1_AstCal	DNA/PiggyBac	1	1634;Div=1.8;Del=1.5;Ins=0.5;SWscore=13322;color=#ff6666
chr16	15001591	15001907	.	2474	-	RepeatMasker-4.0.1	similarity	.	Target=PiggyBac-1_AstCal	DNA/PiggyBac	1306	1634;Div=1.9;Del=3.8;Ins=0.0;SWscore=2474;color=#ff6666
chr16	15509680	15509996	.	2663	+	RepeatMasker-4.0.1	similarity	.	Target=PiggyBac-1_AstCal	DNA/PiggyBac	1306	1634;Div=1.9;Del=3.8;Ins=0.0;SWscore=2663;color=#ff6666
chr16	18021361	18021677	.	2556	-	RepeatMasker-4.0.1	similarity	.	Target=PiggyBac-1_AstCal	DNA/PiggyBac	1306	1634;Div=2.5;Del=3.8;Ins=0.0;SWscore=2556;color=#ff6666
chr16	24311105	24312721	.	14202	-	RepeatMasker-4.0.1	similarity	.	Target=PiggyBac-1_AstCal	DNA/PiggyBac	3	1634;Div=1.3;Del=1.1;Ins=0.1;SWscore=14202;color=#ff6666
chr16	27075727	27077352	.	14649	-	RepeatMasker-4.0.1	similarity	.	Target=PiggyBac-1_AstCal	DNA/PiggyBac	1	1634;Div=1.5;Del=0.6;Ins=0.1;SWscore=14649;color=#ff6666
chr16	27405219	27406851	.	14520	-	RepeatMasker-4.0.1	similarity	.	Target=PiggyBac-1_AstCal	DNA/PiggyBac	1	1634;Div=1.7;Del=0.6;Ins=0.6;SWscore=14520;color=#ff6666
chr16	30156421	30156737	.	2650	-	RepeatMasker-4.0.1	similarity	.	Target=PiggyBac-1_AstCal	DNA/PiggyBac	1306	1634;Div=2.2;Del=3.8;Ins=0.0;SWscore=2650;color=#ff6666
chr16	33833499	33835125	.	14487	-	RepeatMasker-4.0.1	similarity	.	Target=PiggyBac-1_AstCal	DNA/PiggyBac	1	1634;Div=1.6;Del=0.7;Ins=0.3;SWscore=14487;color=#ff6666
chr17	5536498	5536814	.	2457	+	RepeatMasker-4.0.1	similarity	.	Target=PiggyBac-1_AstCal	DNA/PiggyBac	1306	1634;Div=2.2;Del=3.8;Ins=0.0;SWscore=2457;color=#ff6666
chr17	7948725	7949923	.	10130	+	RepeatMasker-4.0.1	similarity	.	Target=PiggyBac-1_AstCal	DNA/PiggyBac	1	1198;Div=1.8;Del=0.0;Ins=0.1;SWscore=10130;color=#ff6666
chr17	7949933	7950394	.	3897	+	RepeatMasker-4.0.1	similarity	.	Target=PiggyBac-1_AstCal	DNA/PiggyBac	1169	1634;Div=0.7;Del=0.9;Ins=0.0;SWscore=3897;color=#ff6666
chr17	9136641	9138274	.	14769	+	RepeatMasker-4.0.1	similarity	.	Target=PiggyBac-1_AstCal	DNA/PiggyBac	1	1634;Div=1.2;Del=0.5;Ins=0.5;SWscore=14769;color=#ff6666
chr17	9600004	9601317	.	11112	+	RepeatMasker-4.0.1	similarity	.	Target=PiggyBac-1_AstCal	DNA/PiggyBac	1	1320;Div=1.6;Del=0.5;Ins=0.0;SWscore=11112;color=#ff6666
chr17	9601778	9602136	.	2737	+	RepeatMasker-4.0.1	similarity	.	Target=PiggyBac-1_AstCal	DNA/PiggyBac	1271	1634;Div=2.0;Del=1.9;Ins=0.6;SWscore=2737;color=#ff6666
chr17	11260125	11260441	.	2663	-	RepeatMasker-4.0.1	similarity	.	Target=PiggyBac-1_AstCal	DNA/PiggyBac	1306	1634;Div=1.9;Del=3.8;Ins=0.0;SWscore=2663;color=#ff6666
chr17	12201721	12203355	.	13738	+	RepeatMasker-4.0.1	similarity	.	Target=PiggyBac-1_AstCal	DNA/PiggyBac	1	1634;Div=1.3;Del=0.4;Ins=0.5;SWscore=13738;color=#ff6666
chr17	15252623	15254241	.	13594	-	RepeatMasker-4.0.1	similarity	.	Target=PiggyBac-1_AstCal	DNA/PiggyBac	1	1634;Div=0.9;Del=1.3;Ins=0.4;SWscore=13594;color=#ff6666
chr17	17518857	17519173	.	2636	-	RepeatMasker-4.0.1	similarity	.	Target=PiggyBac-1_AstCal	DNA/PiggyBac	1306	1634;Div=2.2;Del=3.8;Ins=0.0;SWscore=2636;color=#ff6666
chr17	18506379	18506670	.	2631	+	RepeatMasker-4.0.1	similarity	.	Target=PiggyBac-1_AstCal	DNA/PiggyBac	1	292;Div=1.7;Del=0.0;Ins=0.0;SWscore=2631;color=#ff6666
chr17	18506768	18508105	.	11941	+	RepeatMasker-4.0.1	similarity	.	Target=PiggyBac-1_AstCal	DNA/PiggyBac	282	1634;Div=1.3;Del=1.4;Ins=0.2;SWscore=11941;color=#ff6666
chr17	26579030	26579346	.	2452	+	RepeatMasker-4.0.1	similarity	.	Target=PiggyBac-1_AstCal	DNA/PiggyBac	1306	1634;Div=2.2;Del=3.8;Ins=0.0;SWscore=2452;color=#ff6666
chr17	26990059	26990375	.	2422	-	RepeatMasker-4.0.1	similarity	.	Target=PiggyBac-1_AstCal	DNA/PiggyBac	1306	1634;Div=2.8;Del=3.8;Ins=0.0;SWscore=2422;color=#ff6666
chr17	28502056	28502372	.	2474	+	RepeatMasker-4.0.1	similarity	.	Target=PiggyBac-1_AstCal	DNA/PiggyBac	1306	1634;Div=1.9;Del=3.8;Ins=0.0;SWscore=2474;color=#ff6666
chr17	31670882	31671198	.	2623	+	RepeatMasker-4.0.1	similarity	.	Target=PiggyBac-1_AstCal	DNA/PiggyBac	1306	1634;Div=2.2;Del=3.8;Ins=0.0;SWscore=2623;color=#ff6666
chr17	34003807	34004123	.	2458	-	RepeatMasker-4.0.1	similarity	.	Target=PiggyBac-1_AstCal	DNA/PiggyBac	1306	1634;Div=2.2;Del=3.8;Ins=0.0;SWscore=2458;color=#ff6666
chr17	35302132	35302448	.	2641	-	RepeatMasker-4.0.1	similarity	.	Target=PiggyBac-1_AstCal	DNA/PiggyBac	1306	1634;Div=2.2;Del=3.8;Ins=0.0;SWscore=2641;color=#ff6666
chr18	1017455	1019090	.	14596	-	RepeatMasker-4.0.1	similarity	.	Target=PiggyBac-1_AstCal	DNA/PiggyBac	1	1634;Div=1.4;Del=0.4;Ins=0.5;SWscore=14596;color=#ff6666
chr18	1386655	1386971	.	2650	-	RepeatMasker-4.0.1	similarity	.	Target=PiggyBac-1_AstCal	DNA/PiggyBac	1306	1634;Div=2.2;Del=3.8;Ins=0.0;SWscore=2650;color=#ff6666
chr18	5520795	5521111	.	2474	-	RepeatMasker-4.0.1	similarity	.	Target=PiggyBac-1_AstCal	DNA/PiggyBac	1306	1634;Div=1.9;Del=3.8;Ins=0.0;SWscore=2474;color=#ff6666
chr18	9166788	9167104	.	2448	+	RepeatMasker-4.0.1	similarity	.	Target=PiggyBac-1_AstCal	DNA/PiggyBac	1306	1634;Div=2.2;Del=3.8;Ins=0.0;SWscore=2448;color=#ff6666
chr18	14302772	14303086	.	2402	+	RepeatMasker-4.0.1	similarity	.	Target=PiggyBac-1_AstCal	DNA/PiggyBac	1306	1634;Div=2.2;Del=4.4;Ins=0.0;SWscore=2402;color=#ff6666
chr18	17919913	17920229	.	2474	-	RepeatMasker-4.0.1	similarity	.	Target=PiggyBac-1_AstCal	DNA/PiggyBac	1306	1634;Div=1.9;Del=3.8;Ins=0.0;SWscore=2474;color=#ff6666
chr18	18651157	18651492	.	2971	-	RepeatMasker-4.0.1	similarity	.	Target=PiggyBac-1_AstCal	DNA/PiggyBac	1	336;Div=2.4;Del=0.0;Ins=0.0;SWscore=2971;color=#ff6666
chr18	19055814	19056130	.	2460	-	RepeatMasker-4.0.1	similarity	.	Target=PiggyBac-1_AstCal	DNA/PiggyBac	1306	1634;Div=2.2;Del=3.8;Ins=0.0;SWscore=2460;color=#ff6666
chr18	27170796	27171112	.	2646	-	RepeatMasker-4.0.1	similarity	.	Target=PiggyBac-1_AstCal	DNA/PiggyBac	1306	1634;Div=2.2;Del=3.8;Ins=0.0;SWscore=2646;color=#ff6666
chr18	27334064	27335672	.	14090	-	RepeatMasker-4.0.1	similarity	.	Target=PiggyBac-1_AstCal	DNA/PiggyBac	1	1634;Div=2.2;Del=1.6;Ins=0.0;SWscore=14090;color=#ff6666
chr18	29930655	29932285	.	14653	-	RepeatMasker-4.0.1	similarity	.	Target=PiggyBac-1_AstCal	DNA/PiggyBac	1	1634;Div=2.0;Del=0.2;Ins=0.0;SWscore=14653;color=#ff6666
chr18	33458855	33459171	.	2458	+	RepeatMasker-4.0.1	similarity	.	Target=PiggyBac-1_AstCal	DNA/PiggyBac	1306	1634;Div=2.2;Del=3.8;Ins=0.0;SWscore=2458;color=#ff6666
chr18	33577936	33578252	.	2663	-	RepeatMasker-4.0.1	similarity	.	Target=PiggyBac-1_AstCal	DNA/PiggyBac	1306	1634;Div=1.9;Del=3.8;Ins=0.0;SWscore=2663;color=#ff6666
chr18	35784946	35786592	.	14141	-	RepeatMasker-4.0.1	similarity	.	Target=PiggyBac-1_AstCal	DNA/PiggyBac	1	1634;Div=1.8;Del=0.4;Ins=1.2;SWscore=14141;color=#ff6666
chr19	1889230	1889546	.	2474	+	RepeatMasker-4.0.1	similarity	.	Target=PiggyBac-1_AstCal	DNA/PiggyBac	1306	1634;Div=1.9;Del=3.8;Ins=0.0;SWscore=2474;color=#ff6666
chr19	3906525	3906841	.	2646	-	RepeatMasker-4.0.1	similarity	.	Target=PiggyBac-1_AstCal	DNA/PiggyBac	1306	1634;Div=2.2;Del=3.8;Ins=0.0;SWscore=2646;color=#ff6666
chr19	5402137	5402881	.	6795	-	RepeatMasker-4.0.1	similarity	.	Target=PiggyBac-1_AstCal	DNA/PiggyBac	541	1286;Div=1.3;Del=0.1;Ins=0.0;SWscore=6795;color=#ff6666
chr19	5403065	5403608	.	4902	-	RepeatMasker-4.0.1	similarity	.	Target=PiggyBac-1_AstCal	DNA/PiggyBac	2	545;Div=1.6;Del=0.0;Ins=0.0;SWscore=4902;color=#ff6666
chr19	8878362	8878678	.	2474	-	RepeatMasker-4.0.1	similarity	.	Target=PiggyBac-1_AstCal	DNA/PiggyBac	1306	1634;Div=1.9;Del=3.8;Ins=0.0;SWscore=2474;color=#ff6666
chr19	13840739	13842357	.	13666	-	RepeatMasker-4.0.1	similarity	.	Target=PiggyBac-1_AstCal	DNA/PiggyBac	1	1634;Div=1.2;Del=1.0;Ins=0.1;SWscore=13666;color=#ff6666
chr19	22072613	22074230	.	13535	+	RepeatMasker-4.0.1	similarity	.	Target=PiggyBac-1_AstCal	DNA/PiggyBac	1	1634;Div=1.6;Del=1.1;Ins=0.1;SWscore=13535;color=#ff6666
chr19	24495569	24495879	.	2549	+	RepeatMasker-4.0.1	similarity	.	Target=PiggyBac-1_AstCal	DNA/PiggyBac	1306	1634;Div=1.9;Del=5.8;Ins=0.0;SWscore=2549;color=#ff6666
chr19	24519519	24519832	.	1836	+	RepeatMasker-4.0.1	similarity	.	Target=PiggyBac-1_AstCal	DNA/PiggyBac	1306	1634;Div=7.2;Del=7.0;Ins=2.1;SWscore=1836;color=#ff6666
chr2	1306099	1306752	.	5867	+	RepeatMasker-4.0.1	similarity	.	Target=PiggyBac-1_AstCal	DNA/PiggyBac	1	652;Div=1.8;Del=0.0;Ins=0.3;SWscore=5867;color=#ff6666
chr2	1308923	1309909	.	8640	+	RepeatMasker-4.0.1	similarity	.	Target=PiggyBac-1_AstCal	DNA/PiggyBac	636	1634;Div=1.6;Del=1.8;Ins=0.6;SWscore=8640;color=#ff6666
chr2	2716892	2717094	.	1780	-	RepeatMasker-4.0.1	similarity	.	Target=PiggyBac-1_AstCal	DNA/PiggyBac	1	203;Div=2.5;Del=0.0;Ins=0.0;SWscore=1780;color=#ff6666
chr2	2990879	2991276	.	3435	+	RepeatMasker-4.0.1	similarity	.	Target=PiggyBac-1_AstCal	DNA/PiggyBac	1	405;Div=2.0;Del=1.8;Ins=0.0;SWscore=3435;color=#ff6666
chr2	2991274	2991739	.	4068	+	RepeatMasker-4.0.1	similarity	.	Target=PiggyBac-1_AstCal	DNA/PiggyBac	1168	1633;Div=1.7;Del=0.4;Ins=0.4;SWscore=4068;color=#ff6666
chr2	5040399	5042031	.	14329	+	RepeatMasker-4.0.1	similarity	.	Target=PiggyBac-1_AstCal	DNA/PiggyBac	1	1634;Div=1.5;Del=0.3;Ins=0.2;SWscore=14329;color=#ff6666
chr2	8943363	8943679	.	2474	+	RepeatMasker-4.0.1	similarity	.	Target=PiggyBac-1_AstCal	DNA/PiggyBac	1306	1634;Div=1.9;Del=3.8;Ins=0.0;SWscore=2474;color=#ff6666
chr2	10675436	10675752	.	2447	-	RepeatMasker-4.0.1	similarity	.	Target=PiggyBac-1_AstCal	DNA/PiggyBac	1306	1634;Div=2.2;Del=3.8;Ins=0.0;SWscore=2447;color=#ff6666
chr2	13256749	13257065	.	2643	-	RepeatMasker-4.0.1	similarity	.	Target=PiggyBac-1_AstCal	DNA/PiggyBac	1306	1634;Div=1.9;Del=3.8;Ins=0.0;SWscore=2643;color=#ff6666
chr2	14174303	14174619	.	2618	-	RepeatMasker-4.0.1	similarity	.	Target=PiggyBac-1_AstCal	DNA/PiggyBac	1306	1634;Div=1.9;Del=3.8;Ins=0.0;SWscore=2618;color=#ff6666
chr2	14428282	14429616	.	11949	-	RepeatMasker-4.0.1	similarity	.	Target=PiggyBac-1_AstCal	DNA/PiggyBac	289	1634;Div=0.9;Del=1.3;Ins=0.5;SWscore=11949;color=#ff6666
chr2	14429616	14429780	.	1467	-	RepeatMasker-4.0.1	similarity	.	Target=PiggyBac-1_AstCal	DNA/PiggyBac	1	165;Div=1.2;Del=0.0;Ins=0.0;SWscore=1467;color=#ff6666
chr2	16187422	16189050	.	13450	-	RepeatMasker-4.0.1	similarity	.	Target=PiggyBac-1_AstCal	DNA/PiggyBac	1	1634;Div=1.9;Del=0.6;Ins=0.3;SWscore=13450;color=#ff6666
chr2	18541770	18543385	.	14654	-	RepeatMasker-4.0.1	similarity	.	Target=PiggyBac-1_AstCal	DNA/PiggyBac	5	1630;Div=1.5;Del=0.2;Ins=0.1;SWscore=14654;color=#ff6666
chr2	37783658	37785273	.	13476	-	RepeatMasker-4.0.1	similarity	.	Target=PiggyBac-1_AstCal	DNA/PiggyBac	1	1634;Div=1.6;Del=1.2;Ins=0.1;SWscore=13476;color=#ff6666
chr20	4416164	4417774	.	14348	+	RepeatMasker-4.0.1	similarity	.	Target=PiggyBac-1_AstCal	DNA/PiggyBac	1	1634;Div=1.7;Del=1.4;Ins=0.0;SWscore=14348;color=#ff6666
chr20	7133926	7134242	.	2474	+	RepeatMasker-4.0.1	similarity	.	Target=PiggyBac-1_AstCal	DNA/PiggyBac	1306	1634;Div=1.9;Del=3.8;Ins=0.0;SWscore=2474;color=#ff6666
chr20	10436329	10437955	.	14638	+	RepeatMasker-4.0.1	similarity	.	Target=PiggyBac-1_AstCal	DNA/PiggyBac	1	1634;Div=1.5;Del=0.5;Ins=0.1;SWscore=14638;color=#ff6666
chr20	14047537	14048734	.	10761	+	RepeatMasker-4.0.1	similarity	.	Target=PiggyBac-1_AstCal	DNA/PiggyBac	432	1634;Div=1.3;Del=0.6;Ins=0.2;SWscore=10761;color=#ff6666
chr20	14287615	14288798	.	10567	+	RepeatMasker-4.0.1	similarity	.	Target=PiggyBac-1_AstCal	DNA/PiggyBac	432	1634;Div=1.1;Del=1.8;Ins=0.2;SWscore=10567;color=#ff6666
chr20	15540273	15541883	.	14339	-	RepeatMasker-4.0.1	similarity	.	Target=PiggyBac-1_AstCal	DNA/PiggyBac	1	1634;Div=1.8;Del=1.4;Ins=0.0;SWscore=14339;color=#ff6666
chr20	15602190	15603712	.	13645	-	RepeatMasker-4.0.1	similarity	.	Target=PiggyBac-1_AstCal	DNA/PiggyBac	1	1546;Div=1.6;Del=1.5;Ins=0.0;SWscore=13645;color=#ff6666
chr20	18467884	18469474	.	13252	+	RepeatMasker-4.0.1	similarity	.	Target=PiggyBac-1_AstCal	DNA/PiggyBac	1	1634;Div=1.3;Del=2.7;Ins=0.0;SWscore=13252;color=#ff6666
chr20	21826593	21826900	.	2484	-	RepeatMasker-4.0.1	similarity	.	Target=PiggyBac-1_AstCal	DNA/PiggyBac	1306	1634;Div=2.3;Del=6.8;Ins=0.0;SWscore=2484;color=#ff6666
chr20	23801307	23801623	.	2586	+	RepeatMasker-4.0.1	similarity	.	Target=PiggyBac-1_AstCal	DNA/PiggyBac	1306	1634;Div=1.9;Del=3.8;Ins=0.0;SWscore=2586;color=#ff6666
chr20	28475283	28475599	.	2474	-	RepeatMasker-4.0.1	similarity	.	Target=PiggyBac-1_AstCal	DNA/PiggyBac	1306	1634;Div=1.9;Del=3.8;Ins=0.0;SWscore=2474;color=#ff6666
chr22	1108335	1109366	.	7921	+	RepeatMasker-4.0.1	similarity	.	Target=PiggyBac-1_AstCal	DNA/PiggyBac	573	1634;Div=5.1;Del=4.1;Ins=1.1;SWscore=7921;color=#ff6666
chr22	4148985	4149301	.	2460	+	RepeatMasker-4.0.1	similarity	.	Target=PiggyBac-1_AstCal	DNA/PiggyBac	1306	1634;Div=2.2;Del=3.8;Ins=0.0;SWscore=2460;color=#ff6666
chr22	13575717	13576031	.	2241	+	RepeatMasker-4.0.1	similarity	.	Target=PiggyBac-1_AstCal	DNA/PiggyBac	1306	1634;Div=1.9;Del=5.4;Ins=0.9;SWscore=2241;color=#ff6666
chr22	17162991	17164602	.	14410	-	RepeatMasker-4.0.1	similarity	.	Target=PiggyBac-1_AstCal	DNA/PiggyBac	1	1634;Div=1.1;Del=1.6;Ins=0.2;SWscore=14410;color=#ff6666
chr22	21083917	21084836	.	7810	+	RepeatMasker-4.0.1	similarity	.	Target=PiggyBac-1_AstCal	DNA/PiggyBac	1	920;Div=1.7;Del=0.0;Ins=0.0;SWscore=7810;color=#ff6666
chr22	21084884	21085589	.	5648	+	RepeatMasker-4.0.1	similarity	.	Target=PiggyBac-1_AstCal	DNA/PiggyBac	916	1634;Div=2.8;Del=1.8;Ins=0.0;SWscore=5648;color=#ff6666
chr22	21414136	21415150	.	8673	+	RepeatMasker-4.0.1	similarity	.	Target=PiggyBac-1_AstCal	DNA/PiggyBac	2	1016;Div=1.5;Del=0.0;Ins=0.0;SWscore=8673;color=#ff6666
chr22	21416972	21417575	.	5133	+	RepeatMasker-4.0.1	similarity	.	Target=PiggyBac-1_AstCal	DNA/PiggyBac	1019	1632;Div=1.5;Del=0.8;Ins=0.0;SWscore=5133;color=#ff6666
chr22	27500030	27500611	.	4947	+	RepeatMasker-4.0.1	similarity	.	Target=PiggyBac-1_AstCal	DNA/PiggyBac	1053	1634;Div=1.4;Del=2.1;Ins=2.1;SWscore=4947;color=#ff6666
chr22	27789149	27789465	.	2607	+	RepeatMasker-4.0.1	similarity	.	Target=PiggyBac-1_AstCal	DNA/PiggyBac	1306	1634;Div=2.5;Del=3.8;Ins=0.0;SWscore=2607;color=#ff6666
chr22	31841581	31841865	.	2141	+	RepeatMasker-4.0.1	similarity	.	Target=PiggyBac-1_AstCal	DNA/PiggyBac	1306	1634;Div=2.1;Del=15.4;Ins=0.0;SWscore=2141;color=#ff6666
chr22	32412292	32413684	.	12524	-	RepeatMasker-4.0.1	similarity	.	Target=PiggyBac-1_AstCal	DNA/PiggyBac	218	1634;Div=1.1;Del=1.9;Ins=0.2;SWscore=12524;color=#ff6666
chr22	32415593	32415816	.	1986	-	RepeatMasker-4.0.1	similarity	.	Target=PiggyBac-1_AstCal	DNA/PiggyBac	1	224;Div=2.2;Del=0.0;Ins=0.0;SWscore=1986;color=#ff6666
chr22	33949955	33950271	.	2600	+	RepeatMasker-4.0.1	similarity	.	Target=PiggyBac-1_AstCal	DNA/PiggyBac	1306	1634;Div=2.2;Del=3.8;Ins=0.0;SWscore=2600;color=#ff6666
chr23	1310607	1310923	.	2643	-	RepeatMasker-4.0.1	similarity	.	Target=PiggyBac-1_AstCal	DNA/PiggyBac	1306	1634;Div=1.9;Del=3.8;Ins=0.0;SWscore=2643;color=#ff6666
chr23	15590531	15592156	.	14801	-	RepeatMasker-4.0.1	similarity	.	Target=PiggyBac-1_AstCal	DNA/PiggyBac	1	1634;Div=1.4;Del=0.5;Ins=0.0;SWscore=14801;color=#ff6666
chr23	15909261	15909577	.	2649	-	RepeatMasker-4.0.1	similarity	.	Target=PiggyBac-1_AstCal	DNA/PiggyBac	1306	1634;Div=2.2;Del=3.8;Ins=0.0;SWscore=2649;color=#ff6666
chr23	16573072	16574676	.	13309	+	RepeatMasker-4.0.1	similarity	.	Target=PiggyBac-1_AstCal	DNA/PiggyBac	1	1634;Div=1.6;Del=1.9;Ins=0.1;SWscore=13309;color=#ff6666
chr23	18973580	18974550	.	8857	+	RepeatMasker-4.0.1	similarity	.	Target=PiggyBac-1_AstCal	DNA/PiggyBac	1	970;Div=1.3;Del=0.0;Ins=0.1;SWscore=8857;color=#ff6666
chr23	18974547	18974942	.	3493	+	RepeatMasker-4.0.1	similarity	.	Target=PiggyBac-1_AstCal	DNA/PiggyBac	1010	1409;Div=1.8;Del=1.0;Ins=0.0;SWscore=3493;color=#ff6666
chr23	19115184	19116813	.	13496	+	RepeatMasker-4.0.1	similarity	.	Target=PiggyBac-1_AstCal	DNA/PiggyBac	1	1634;Div=1.9;Del=0.7;Ins=0.4;SWscore=13496;color=#ff6666
chr23	21300078	21300784	.	6091	-	RepeatMasker-4.0.1	similarity	.	Target=PiggyBac-1_AstCal	DNA/PiggyBac	916	1634;Div=2.5;Del=1.7;Ins=0.0;SWscore=6091;color=#ff6666
chr23	21300832	21301751	.	8261	-	RepeatMasker-4.0.1	similarity	.	Target=PiggyBac-1_AstCal	DNA/PiggyBac	1	920;Div=2.1;Del=0.0;Ins=0.0;SWscore=8261;color=#ff6666
chr23	25783218	25783534	.	2663	+	RepeatMasker-4.0.1	similarity	.	Target=PiggyBac-1_AstCal	DNA/PiggyBac	1306	1634;Div=1.9;Del=3.8;Ins=0.0;SWscore=2663;color=#ff6666
chr23	28262053	28262369	.	2663	-	RepeatMasker-4.0.1	similarity	.	Target=PiggyBac-1_AstCal	DNA/PiggyBac	1306	1634;Div=1.9;Del=3.8;Ins=0.0;SWscore=2663;color=#ff6666
chr23	28598626	28600267	.	13984	+	RepeatMasker-4.0.1	similarity	.	Target=PiggyBac-1_AstCal	DNA/PiggyBac	1	1634;Div=1.1;Del=0.1;Ins=0.6;SWscore=13984;color=#ff6666
chr23	29062654	29062970	.	2611	+	RepeatMasker-4.0.1	similarity	.	Target=PiggyBac-1_AstCal	DNA/PiggyBac	1306	1634;Div=2.8;Del=3.8;Ins=0.0;SWscore=2611;color=#ff6666
chr23	29659588	29659898	.	2650	-	RepeatMasker-4.0.1	similarity	.	Target=PiggyBac-1_AstCal	DNA/PiggyBac	1312	1634;Div=1.3;Del=3.9;Ins=0.0;SWscore=2650;color=#ff6666
chr23	31683971	31684277	.	2478	+	RepeatMasker-4.0.1	similarity	.	Target=PiggyBac-1_AstCal	DNA/PiggyBac	1306	1634;Div=2.3;Del=7.2;Ins=0.0;SWscore=2478;color=#ff6666
chr23	34502254	34503186	.	8550	+	RepeatMasker-4.0.1	similarity	.	Target=PiggyBac-1_AstCal	DNA/PiggyBac	1	933;Div=1.3;Del=0.0;Ins=0.0;SWscore=8550;color=#ff6666
chr23	34507347	34508040	.	6128	+	RepeatMasker-4.0.1	similarity	.	Target=PiggyBac-1_AstCal	DNA/PiggyBac	930	1634;Div=2.2;Del=1.6;Ins=0.0;SWscore=6128;color=#ff6666
chr23	34919489	34919805	.	2663	+	RepeatMasker-4.0.1	similarity	.	Target=PiggyBac-1_AstCal	DNA/PiggyBac	1306	1634;Div=1.9;Del=3.8;Ins=0.0;SWscore=2663;color=#ff6666
chr23	38916143	38916459	.	2646	+	RepeatMasker-4.0.1	similarity	.	Target=PiggyBac-1_AstCal	DNA/PiggyBac	1306	1634;Div=2.2;Del=3.8;Ins=0.0;SWscore=2646;color=#ff6666
chr23	39177837	39178153	.	2663	+	RepeatMasker-4.0.1	similarity	.	Target=PiggyBac-1_AstCal	DNA/PiggyBac	1306	1634;Div=1.9;Del=3.8;Ins=0.0;SWscore=2663;color=#ff6666
chr23	41951205	41951670	.	4079	+	RepeatMasker-4.0.1	similarity	.	Target=PiggyBac-1_AstCal	DNA/PiggyBac	1	474;Div=1.5;Del=1.7;Ins=0.0;SWscore=4079;color=#ff6666
chr23	41951667	41952768	.	9803	+	RepeatMasker-4.0.1	similarity	.	Target=PiggyBac-1_AstCal	DNA/PiggyBac	529	1634;Div=1.9;Del=0.5;Ins=0.1;SWscore=9803;color=#ff6666
chr23	42051876	42052192	.	2630	+	RepeatMasker-4.0.1	similarity	.	Target=PiggyBac-1_AstCal	DNA/PiggyBac	1306	1634;Div=2.2;Del=3.8;Ins=0.0;SWscore=2630;color=#ff6666
chr3	1292388	1293305	.	8209	+	RepeatMasker-4.0.1	similarity	.	Target=PiggyBac-1_AstCal	DNA/PiggyBac	1	920;Div=2.1;Del=0.2;Ins=0.0;SWscore=8209;color=#ff6666
chr3	1293398	1294095	.	5949	+	RepeatMasker-4.0.1	similarity	.	Target=PiggyBac-1_AstCal	DNA/PiggyBac	916	1634;Div=2.6;Del=3.0;Ins=0.0;SWscore=5949;color=#ff6666
chr3	2455912	2457518	.	14001	-	RepeatMasker-4.0.1	similarity	.	Target=PiggyBac-1_AstCal	DNA/PiggyBac	1	1634;Div=2.3;Del=1.8;Ins=0.1;SWscore=14001;color=#ff6666
chr3	6387192	6387508	.	2638	-	RepeatMasker-4.0.1	similarity	.	Target=PiggyBac-1_AstCal	DNA/PiggyBac	1306	1634;Div=2.2;Del=3.8;Ins=0.0;SWscore=2638;color=#ff6666
chr3	10356797	10357091	.	2462	-	RepeatMasker-4.0.1	similarity	.	Target=PiggyBac-1_AstCal	DNA/PiggyBac	1324	1633;Div=1.4;Del=5.1;Ins=0.0;SWscore=2462;color=#ff6666
chr3	10587363	10587679	.	2663	-	RepeatMasker-4.0.1	similarity	.	Target=PiggyBac-1_AstCal	DNA/PiggyBac	1306	1634;Div=1.9;Del=3.8;Ins=0.0;SWscore=2663;color=#ff6666
chr3	15920300	15921922	.	14683	-	RepeatMasker-4.0.1	similarity	.	Target=PiggyBac-1_AstCal	DNA/PiggyBac	1	1634;Div=1.1;Del=0.8;Ins=0.1;SWscore=14683;color=#ff6666
chr3	16532688	16533004	.	2603	-	RepeatMasker-4.0.1	similarity	.	Target=PiggyBac-1_AstCal	DNA/PiggyBac	1306	1634;Div=2.8;Del=3.8;Ins=0.0;SWscore=2603;color=#ff6666
chr3	18361498	18361814	.	2611	-	RepeatMasker-4.0.1	similarity	.	Target=PiggyBac-1_AstCal	DNA/PiggyBac	1306	1634;Div=2.8;Del=3.8;Ins=0.0;SWscore=2611;color=#ff6666
chr3	19572716	19573022	.	2269	-	RepeatMasker-4.0.1	similarity	.	Target=PiggyBac-1_AstCal	DNA/PiggyBac	1306	1634;Div=2.3;Del=7.2;Ins=0.0;SWscore=2269;color=#ff6666
chr3	19805266	19805582	.	2474	+	RepeatMasker-4.0.1	similarity	.	Target=PiggyBac-1_AstCal	DNA/PiggyBac	1306	1634;Div=1.9;Del=3.8;Ins=0.0;SWscore=2474;color=#ff6666
chr3	19853290	19853606	.	2663	+	RepeatMasker-4.0.1	similarity	.	Target=PiggyBac-1_AstCal	DNA/PiggyBac	1306	1634;Div=1.9;Del=3.8;Ins=0.0;SWscore=2663;color=#ff6666
chr3	20352277	20352593	.	2460	-	RepeatMasker-4.0.1	similarity	.	Target=PiggyBac-1_AstCal	DNA/PiggyBac	1306	1634;Div=2.2;Del=3.8;Ins=0.0;SWscore=2460;color=#ff6666
chr3	22379909	22380225	.	2474	-	RepeatMasker-4.0.1	similarity	.	Target=PiggyBac-1_AstCal	DNA/PiggyBac	1306	1634;Div=1.9;Del=3.8;Ins=0.0;SWscore=2474;color=#ff6666
chr3	23627922	23628567	.	5437	+	RepeatMasker-4.0.1	similarity	.	Target=PiggyBac-1_AstCal	DNA/PiggyBac	988	1634;Div=1.9;Del=0.1;Ins=0.0;SWscore=5437;color=#ff6666
chr3	23802258	23802792	.	4070	+	RepeatMasker-4.0.1	similarity	.	Target=PiggyBac-1_AstCal	DNA/PiggyBac	172	726;Div=1.9;Del=4.9;Ins=1.1;SWscore=4070;color=#ff6666
chr3	23803777	23804002	.	1835	+	RepeatMasker-4.0.1	similarity	.	Target=PiggyBac-1_AstCal	DNA/PiggyBac	723	948;Div=2.2;Del=0.4;Ins=0.4;SWscore=1835;color=#ff6666
chr3	23844106	23844996	.	7204	-	RepeatMasker-4.0.1	similarity	.	Target=PiggyBac-1_AstCal	DNA/PiggyBac	725	1634;Div=2.4;Del=2.1;Ins=0.0;SWscore=7204;color=#ff6666
chr3	23845982	23846518	.	4270	-	RepeatMasker-4.0.1	similarity	.	Target=PiggyBac-1_AstCal	DNA/PiggyBac	172	726;Div=1.5;Del=4.3;Ins=0.9;SWscore=4270;color=#ff6666
chr3	24149188	24149724	.	4288	+	RepeatMasker-4.0.1	similarity	.	Target=PiggyBac-1_AstCal	DNA/PiggyBac	172	726;Div=1.3;Del=4.3;Ins=0.9;SWscore=4288;color=#ff6666
chr3	24150713	24151610	.	7377	+	RepeatMasker-4.0.1	similarity	.	Target=PiggyBac-1_AstCal	DNA/PiggyBac	723	1634;Div=2.0;Del=1.7;Ins=0.1;SWscore=7377;color=#ff6666
chr3	28648126	28649780	.	13638	+	RepeatMasker-4.0.1	similarity	.	Target=PiggyBac-1_AstCal	DNA/PiggyBac	1	1634;Div=1.8;Del=0.0;Ins=1.3;SWscore=13638;color=#ff6666
chr3	32635268	32636897	.	13811	-	RepeatMasker-4.0.1	similarity	.	Target=PiggyBac-1_AstCal	DNA/PiggyBac	1	1634;Div=1.5;Del=0.3;Ins=0.1;SWscore=13811;color=#ff6666
chr3	34351189	34351499	.	2650	-	RepeatMasker-4.0.1	similarity	.	Target=PiggyBac-1_AstCal	DNA/PiggyBac	1312	1634;Div=1.3;Del=3.9;Ins=0.0;SWscore=2650;color=#ff6666
chr3	36261455	36261771	.	2474	-	RepeatMasker-4.0.1	similarity	.	Target=PiggyBac-1_AstCal	DNA/PiggyBac	1306	1634;Div=1.9;Del=3.8;Ins=0.0;SWscore=2474;color=#ff6666
chr3	36672683	36672999	.	2663	-	RepeatMasker-4.0.1	similarity	.	Target=PiggyBac-1_AstCal	DNA/PiggyBac	1306	1634;Div=1.9;Del=3.8;Ins=0.0;SWscore=2663;color=#ff6666
chr3	37652392	37652708	.	2663	+	RepeatMasker-4.0.1	similarity	.	Target=PiggyBac-1_AstCal	DNA/PiggyBac	1306	1634;Div=1.9;Del=3.8;Ins=0.0;SWscore=2663;color=#ff6666
chr3	39577896	39579526	.	13682	+	RepeatMasker-4.0.1	similarity	.	Target=PiggyBac-1_AstCal	DNA/PiggyBac	1	1634;Div=1.8;Del=0.3;Ins=0.1;SWscore=13682;color=#ff6666
chr3	41241116	41242730	.	14118	-	RepeatMasker-4.0.1	similarity	.	Target=PiggyBac-1_AstCal	DNA/PiggyBac	1	1634;Div=2.7;Del=1.2;Ins=0.1;SWscore=14118;color=#ff6666
chr3	42971716	42973344	.	14542	-	RepeatMasker-4.0.1	similarity	.	Target=PiggyBac-1_AstCal	DNA/PiggyBac	2	1634;Div=1.8;Del=0.6;Ins=0.3;SWscore=14542;color=#ff6666
chr3	46390716	46391032	.	2663	-	RepeatMasker-4.0.1	similarity	.	Target=PiggyBac-1_AstCal	DNA/PiggyBac	1306	1634;Div=1.9;Del=3.8;Ins=0.0;SWscore=2663;color=#ff6666
chr3	48763544	48764864	.	11829	+	RepeatMasker-4.0.1	similarity	.	Target=PiggyBac-1_AstCal	DNA/PiggyBac	1	1351;Div=1.3;Del=2.3;Ins=0.0;SWscore=11829;color=#ff6666
chr3	50150516	50152093	.	13815	-	RepeatMasker-4.0.1	similarity	.	Target=PiggyBac-1_AstCal	DNA/PiggyBac	34	1634;Div=2.2;Del=1.5;Ins=0.1;SWscore=13815;color=#ff6666
chr4	150646	150969	.	2586	-	RepeatMasker-4.0.1	similarity	.	Target=PiggyBac-1_AstCal	DNA/PiggyBac	1301	1634;Div=2.8;Del=3.7;Ins=0.6;SWscore=2586;color=#ff6666
chr4	1181337	1181653	.	2656	-	RepeatMasker-4.0.1	similarity	.	Target=PiggyBac-1_AstCal	DNA/PiggyBac	1306	1634;Div=1.6;Del=3.8;Ins=0.0;SWscore=2656;color=#ff6666
chr4	1247508	1247824	.	2621	+	RepeatMasker-4.0.1	similarity	.	Target=PiggyBac-1_AstCal	DNA/PiggyBac	1306	1634;Div=2.2;Del=3.8;Ins=0.0;SWscore=2621;color=#ff6666
chr4	9772058	9772374	.	2568	-	RepeatMasker-4.0.1	similarity	.	Target=PiggyBac-1_AstCal	DNA/PiggyBac	1306	1634;Div=2.2;Del=3.8;Ins=0.0;SWscore=2568;color=#ff6666
chr4	10539703	10540019	.	2663	+	RepeatMasker-4.0.1	similarity	.	Target=PiggyBac-1_AstCal	DNA/PiggyBac	1306	1634;Div=1.9;Del=3.8;Ins=0.0;SWscore=2663;color=#ff6666
chr4	13100771	13101087	.	2436	+	RepeatMasker-4.0.1	similarity	.	Target=PiggyBac-1_AstCal	DNA/PiggyBac	1306	1634;Div=2.5;Del=3.8;Ins=0.0;SWscore=2436;color=#ff6666
chr4	19849156	19849472	.	2457	-	RepeatMasker-4.0.1	similarity	.	Target=PiggyBac-1_AstCal	DNA/PiggyBac	1306	1634;Div=2.2;Del=3.8;Ins=0.0;SWscore=2457;color=#ff6666
chr4	21469307	21469623	.	2452	-	RepeatMasker-4.0.1	similarity	.	Target=PiggyBac-1_AstCal	DNA/PiggyBac	1306	1634;Div=2.2;Del=3.8;Ins=0.0;SWscore=2452;color=#ff6666
chr4	27635380	27635703	.	2650	+	RepeatMasker-4.0.1	similarity	.	Target=PiggyBac-1_AstCal	DNA/PiggyBac	1301	1634;Div=2.2;Del=3.7;Ins=0.6;SWscore=2650;color=#ff6666
chr4	29519672	29521206	.	13671	+	RepeatMasker-4.0.1	similarity	.	Target=PiggyBac-1_AstCal	DNA/PiggyBac	1	1549;Div=1.8;Del=1.0;Ins=0.1;SWscore=13671;color=#ff6666
chr4	30387995	30389632	.	14687	+	RepeatMasker-4.0.1	similarity	.	Target=PiggyBac-1_AstCal	DNA/PiggyBac	1	1634;Div=1.4;Del=0.2;Ins=0.5;SWscore=14687;color=#ff6666
chr5	2132526	2132842	.	2586	+	RepeatMasker-4.0.1	similarity	.	Target=PiggyBac-1_AstCal	DNA/PiggyBac	1306	1634;Div=2.5;Del=3.8;Ins=0.0;SWscore=2586;color=#ff6666
chr5	3882193	3882631	.	3842	-	RepeatMasker-4.0.1	similarity	.	Target=PiggyBac-1_AstCal	DNA/PiggyBac	1193	1634;Div=2.3;Del=0.7;Ins=0.0;SWscore=3842;color=#ff6666
chr5	3884136	3885326	.	10643	-	RepeatMasker-4.0.1	similarity	.	Target=PiggyBac-1_AstCal	DNA/PiggyBac	1	1193;Div=2.3;Del=0.2;Ins=0.0;SWscore=10643;color=#ff6666
chr5	4251575	4252836	.	11185	+	RepeatMasker-4.0.1	similarity	.	Target=PiggyBac-1_AstCal	DNA/PiggyBac	1	1263;Div=2.3;Del=0.2;Ins=0.1;SWscore=11185;color=#ff6666
chr5	4255173	4255552	.	3231	+	RepeatMasker-4.0.1	similarity	.	Target=PiggyBac-1_AstCal	DNA/PiggyBac	1261	1634;Div=1.6;Del=0.0;Ins=1.6;SWscore=3231;color=#ff6666
chr5	4660264	4660580	.	2663	+	RepeatMasker-4.0.1	similarity	.	Target=PiggyBac-1_AstCal	DNA/PiggyBac	1306	1634;Div=1.9;Del=3.8;Ins=0.0;SWscore=2663;color=#ff6666
chr5	4701144	4701397	.	2149	+	RepeatMasker-4.0.1	similarity	.	Target=PiggyBac-1_AstCal	DNA/PiggyBac	1373	1634;Div=1.6;Del=3.1;Ins=0.0;SWscore=2149;color=#ff6666
chr5	9570050	9570366	.	2572	-	RepeatMasker-4.0.1	similarity	.	Target=PiggyBac-1_AstCal	DNA/PiggyBac	1306	1634;Div=2.2;Del=3.8;Ins=0.0;SWscore=2572;color=#ff6666
chr5	15669187	15669503	.	2474	+	RepeatMasker-4.0.1	similarity	.	Target=PiggyBac-1_AstCal	DNA/PiggyBac	1306	1634;Div=1.9;Del=3.8;Ins=0.0;SWscore=2474;color=#ff6666
chr5	18600562	18600882	.	2389	+	RepeatMasker-4.0.1	similarity	.	Target=PiggyBac-1_AstCal	DNA/PiggyBac	1301	1634;Div=2.2;Del=4.7;Ins=0.6;SWscore=2389;color=#ff6666
chr5	20695854	20696170	.	2474	-	RepeatMasker-4.0.1	similarity	.	Target=PiggyBac-1_AstCal	DNA/PiggyBac	1306	1634;Div=1.9;Del=3.8;Ins=0.0;SWscore=2474;color=#ff6666
chr5	20832091	20833721	.	13724	+	RepeatMasker-4.0.1	similarity	.	Target=PiggyBac-1_AstCal	DNA/PiggyBac	1	1634;Div=1.7;Del=0.2;Ins=0.1;SWscore=13724;color=#ff6666
chr5	25304666	25304982	.	2474	-	RepeatMasker-4.0.1	similarity	.	Target=PiggyBac-1_AstCal	DNA/PiggyBac	1306	1634;Div=1.9;Del=3.8;Ins=0.0;SWscore=2474;color=#ff6666
chr5	27524993	27525309	.	2609	+	RepeatMasker-4.0.1	similarity	.	Target=PiggyBac-1_AstCal	DNA/PiggyBac	1306	1634;Div=2.5;Del=3.8;Ins=0.0;SWscore=2609;color=#ff6666
chr5	30931277	30931656	.	3121	-	RepeatMasker-4.0.1	similarity	.	Target=PiggyBac-1_AstCal	DNA/PiggyBac	1258	1634;Div=1.9;Del=1.3;Ins=2.1;SWscore=3121;color=#ff6666
chr5	30932719	30933986	.	11594	-	RepeatMasker-4.0.1	similarity	.	Target=PiggyBac-1_AstCal	DNA/PiggyBac	1	1272;Div=1.4;Del=0.3;Ins=0.0;SWscore=11594;color=#ff6666
chr5	37156202	37156518	.	2643	+	RepeatMasker-4.0.1	similarity	.	Target=PiggyBac-1_AstCal	DNA/PiggyBac	1306	1634;Div=1.9;Del=3.8;Ins=0.0;SWscore=2643;color=#ff6666
chr6	208690	210314	.	13628	-	RepeatMasker-4.0.1	similarity	.	Target=PiggyBac-1_AstCal	DNA/PiggyBac	1	1634;Div=1.7;Del=1.0;Ins=0.4;SWscore=13628;color=#ff6666
chr6	1636797	1638373	.	13749	+	RepeatMasker-4.0.1	similarity	.	Target=PiggyBac-1_AstCal	DNA/PiggyBac	1	1634;Div=1.5;Del=3.8;Ins=0.2;SWscore=13749;color=#ff6666
chr6	1935214	1935530	.	2499	-	RepeatMasker-4.0.1	similarity	.	Target=PiggyBac-1_AstCal	DNA/PiggyBac	1306	1634;Div=1.9;Del=3.8;Ins=0.0;SWscore=2499;color=#ff6666
chr6	6336510	6338131	.	14123	+	RepeatMasker-4.0.1	similarity	.	Target=PiggyBac-1_AstCal	DNA/PiggyBac	1	1634;Div=1.4;Del=1.1;Ins=0.4;SWscore=14123;color=#ff6666
chr6	6412387	6412703	.	2572	-	RepeatMasker-4.0.1	similarity	.	Target=PiggyBac-1_AstCal	DNA/PiggyBac	1306	1634;Div=2.2;Del=3.8;Ins=0.0;SWscore=2572;color=#ff6666
chr6	17163869	17164185	.	2474	+	RepeatMasker-4.0.1	similarity	.	Target=PiggyBac-1_AstCal	DNA/PiggyBac	1306	1634;Div=1.9;Del=3.8;Ins=0.0;SWscore=2474;color=#ff6666
chr6	26691268	26692060	.	7118	-	RepeatMasker-4.0.1	similarity	.	Target=PiggyBac-1_AstCal	DNA/PiggyBac	840	1634;Div=1.1;Del=0.5;Ins=0.2;SWscore=7118;color=#ff6666
chr6	27589683	27589999	.	2446	+	RepeatMasker-4.0.1	similarity	.	Target=PiggyBac-1_AstCal	DNA/PiggyBac	1306	1634;Div=2.5;Del=3.8;Ins=0.0;SWscore=2446;color=#ff6666
chr6	28540042	28540174	.	1209	+	RepeatMasker-4.0.1	similarity	.	Target=PiggyBac-1_AstCal	DNA/PiggyBac	1502	1634;Div=0.8;Del=0.0;Ins=0.0;SWscore=1209;color=#ff6666
chr6	30967121	30967437	.	2474	-	RepeatMasker-4.0.1	similarity	.	Target=PiggyBac-1_AstCal	DNA/PiggyBac	1306	1634;Div=1.9;Del=3.8;Ins=0.0;SWscore=2474;color=#ff6666
chr6	33433283	33434910	.	14661	+	RepeatMasker-4.0.1	similarity	.	Target=PiggyBac-1_AstCal	DNA/PiggyBac	1	1634;Div=1.6;Del=0.4;Ins=0.1;SWscore=14661;color=#ff6666
chr6	34340057	34340373	.	2434	+	RepeatMasker-4.0.1	similarity	.	Target=PiggyBac-1_AstCal	DNA/PiggyBac	1306	1634;Div=2.5;Del=3.8;Ins=0.0;SWscore=2434;color=#ff6666
chr6	34372520	34372836	.	2474	+	RepeatMasker-4.0.1	similarity	.	Target=PiggyBac-1_AstCal	DNA/PiggyBac	1306	1634;Div=1.9;Del=3.8;Ins=0.0;SWscore=2474;color=#ff6666
chr6	34436915	34438538	.	14473	-	RepeatMasker-4.0.1	similarity	.	Target=PiggyBac-1_AstCal	DNA/PiggyBac	1	1634;Div=1.4;Del=1.1;Ins=0.4;SWscore=14473;color=#ff6666
chr6	35022399	35022715	.	2663	+	RepeatMasker-4.0.1	similarity	.	Target=PiggyBac-1_AstCal	DNA/PiggyBac	1306	1634;Div=1.9;Del=3.8;Ins=0.0;SWscore=2663;color=#ff6666
chr6	35469669	35471289	.	14464	+	RepeatMasker-4.0.1	similarity	.	Target=PiggyBac-1_AstCal	DNA/PiggyBac	1	1634;Div=1.4;Del=1.1;Ins=0.2;SWscore=14464;color=#ff6666
chr6	35744015	35744246	.	1932	-	RepeatMasker-4.0.1	similarity	.	Target=PiggyBac-1_AstCal	DNA/PiggyBac	1406	1634;Div=2.6;Del=0.0;Ins=1.3;SWscore=1932;color=#ff6666
chr6	35747980	35749385	.	12519	-	RepeatMasker-4.0.1	similarity	.	Target=PiggyBac-1_AstCal	DNA/PiggyBac	1	1414;Div=1.9;Del=0.6;Ins=0.1;SWscore=12519;color=#ff6666
chr6	38273040	38274668	.	14722	+	RepeatMasker-4.0.1	similarity	.	Target=PiggyBac-1_AstCal	DNA/PiggyBac	1	1634;Div=1.4;Del=0.4;Ins=0.1;SWscore=14722;color=#ff6666
chr6	38376394	38377348	.	2672	+	RepeatMasker-4.0.1	similarity	.	Target=PiggyBac-1_AstCal	DNA/PiggyBac	440	1338;Div=24.8;Del=7.4;Ins=2.8;SWscore=2672;color=#ff6666
chr6	38721858	38722410	.	4824	+	RepeatMasker-4.0.1	similarity	.	Target=PiggyBac-1_AstCal	DNA/PiggyBac	1	562;Div=1.4;Del=1.8;Ins=0.2;SWscore=4824;color=#ff6666
chr6	38722409	38722674	.	2149	+	RepeatMasker-4.0.1	similarity	.	Target=PiggyBac-1_AstCal	DNA/PiggyBac	1371	1634;Div=2.3;Del=0.0;Ins=0.8;SWscore=2149;color=#ff6666
chr6	40568040	40569664	.	14609	-	RepeatMasker-4.0.1	similarity	.	Target=PiggyBac-1_AstCal	DNA/PiggyBac	1	1634;Div=1.5;Del=0.6;Ins=0.1;SWscore=14609;color=#ff6666
chr7	10387961	10388277	.	2448	+	RepeatMasker-4.0.1	similarity	.	Target=PiggyBac-1_AstCal	DNA/PiggyBac	1306	1634;Div=2.2;Del=3.8;Ins=0.0;SWscore=2448;color=#ff6666
chr7	12074214	12074530	.	2474	-	RepeatMasker-4.0.1	similarity	.	Target=PiggyBac-1_AstCal	DNA/PiggyBac	1306	1634;Div=1.9;Del=3.8;Ins=0.0;SWscore=2474;color=#ff6666
chr7	13622520	13622836	.	2474	-	RepeatMasker-4.0.1	similarity	.	Target=PiggyBac-1_AstCal	DNA/PiggyBac	1306	1634;Div=1.9;Del=3.8;Ins=0.0;SWscore=2474;color=#ff6666
chr7	21671808	21672124	.	2636	+	RepeatMasker-4.0.1	similarity	.	Target=PiggyBac-1_AstCal	DNA/PiggyBac	1306	1634;Div=2.2;Del=3.8;Ins=0.0;SWscore=2636;color=#ff6666
chr7	22555263	22556903	.	13648	-	RepeatMasker-4.0.1	similarity	.	Target=PiggyBac-1_AstCal	DNA/PiggyBac	1	1634;Div=1.7;Del=0.2;Ins=0.6;SWscore=13648;color=#ff6666
chr7	28455380	28455696	.	2474	+	RepeatMasker-4.0.1	similarity	.	Target=PiggyBac-1_AstCal	DNA/PiggyBac	1306	1634;Div=1.9;Del=3.8;Ins=0.0;SWscore=2474;color=#ff6666
chr7	29608966	29610585	.	14560	+	RepeatMasker-4.0.1	similarity	.	Target=PiggyBac-1_AstCal	DNA/PiggyBac	2	1634;Div=1.3;Del=0.9;Ins=0.1;SWscore=14560;color=#ff6666
chr7	30254961	30256172	.	8545	+	RepeatMasker-4.0.1	similarity	.	Target=PiggyBac-1_AstCal	DNA/PiggyBac	182	1388;Div=6.6;Del=1.4;Ins=1.8;SWscore=8545;color=#ff6666
chr7	30260987	30261215	.	1767	+	RepeatMasker-4.0.1	similarity	.	Target=PiggyBac-1_AstCal	DNA/PiggyBac	1406	1634;Div=4.4;Del=0.0;Ins=0.0;SWscore=1767;color=#ff6666
chr7	33434624	33434939	.	2619	-	RepeatMasker-4.0.1	similarity	.	Target=PiggyBac-1_AstCal	DNA/PiggyBac	1306	1634;Div=2.5;Del=4.1;Ins=0.0;SWscore=2619;color=#ff6666
chr7	41562579	41562896	.	2444	-	RepeatMasker-4.0.1	similarity	.	Target=PiggyBac-1_AstCal	DNA/PiggyBac	1306	1634;Div=1.9;Del=3.8;Ins=0.3;SWscore=2444;color=#ff6666
chr7	43915353	43916979	.	14486	+	RepeatMasker-4.0.1	similarity	.	Target=PiggyBac-1_AstCal	DNA/PiggyBac	1	1634;Div=1.7;Del=0.7;Ins=0.2;SWscore=14486;color=#ff6666
chr7	44471338	44471654	.	2458	+	RepeatMasker-4.0.1	similarity	.	Target=PiggyBac-1_AstCal	DNA/PiggyBac	1306	1634;Div=2.2;Del=3.8;Ins=0.0;SWscore=2458;color=#ff6666
chr7	44508408	44510030	.	13510	+	RepeatMasker-4.0.1	similarity	.	Target=PiggyBac-1_AstCal	DNA/PiggyBac	1	1634;Div=1.8;Del=0.8;Ins=0.1;SWscore=13510;color=#ff6666
chr7	44721680	44721995	.	2436	+	RepeatMasker-4.0.1	similarity	.	Target=PiggyBac-1_AstCal	DNA/PiggyBac	1306	1634;Div=1.9;Del=4.1;Ins=0.0;SWscore=2436;color=#ff6666
chr7	51154145	51155733	.	14085	-	RepeatMasker-4.0.1	similarity	.	Target=PiggyBac-1_AstCal	DNA/PiggyBac	1	1634;Div=1.4;Del=2.8;Ins=0.0;SWscore=14085;color=#ff6666
chr7	51896666	51896929	.	2247	-	RepeatMasker-4.0.1	similarity	.	Target=PiggyBac-1_AstCal	DNA/PiggyBac	1371	1634;Div=2.3;Del=0.0;Ins=0.0;SWscore=2247;color=#ff6666
chr7	51896928	51897484	.	4778	-	RepeatMasker-4.0.1	similarity	.	Target=PiggyBac-1_AstCal	DNA/PiggyBac	1	562;Div=1.8;Del=1.4;Ins=0.5;SWscore=4778;color=#ff6666
chr7	52883871	52884187	.	2499	-	RepeatMasker-4.0.1	similarity	.	Target=PiggyBac-1_AstCal	DNA/PiggyBac	1306	1634;Div=1.6;Del=3.8;Ins=0.0;SWscore=2499;color=#ff6666
chr7	54789053	54789369	.	2474	+	RepeatMasker-4.0.1	similarity	.	Target=PiggyBac-1_AstCal	DNA/PiggyBac	1306	1634;Div=1.9;Del=3.8;Ins=0.0;SWscore=2474;color=#ff6666
chr7	59910054	59910370	.	2663	-	RepeatMasker-4.0.1	similarity	.	Target=PiggyBac-1_AstCal	DNA/PiggyBac	1306	1634;Div=1.9;Del=3.8;Ins=0.0;SWscore=2663;color=#ff6666
chr7	61708592	61708907	.	2571	+	RepeatMasker-4.0.1	similarity	.	Target=PiggyBac-1_AstCal	DNA/PiggyBac	1306	1634;Div=1.9;Del=4.1;Ins=0.0;SWscore=2571;color=#ff6666
chr7	61979044	61979742	.	5875	-	RepeatMasker-4.0.1	similarity	.	Target=PiggyBac-1_AstCal	DNA/PiggyBac	923	1634;Div=2.3;Del=2.0;Ins=0.1;SWscore=5875;color=#ff6666
chr7	61979833	61980752	.	8145	-	RepeatMasker-4.0.1	similarity	.	Target=PiggyBac-1_AstCal	DNA/PiggyBac	1	920;Div=1.9;Del=0.0;Ins=0.0;SWscore=8145;color=#ff6666
chr7	64285929	64287563	.	13867	-	RepeatMasker-4.0.1	similarity	.	Target=PiggyBac-1_AstCal	DNA/PiggyBac	1	1634;Div=1.5;Del=0.0;Ins=0.1;SWscore=13867;color=#ff6666
chr7	66078097	66078413	.	2578	-	RepeatMasker-4.0.1	similarity	.	Target=PiggyBac-1_AstCal	DNA/PiggyBac	1306	1634;Div=3.1;Del=3.8;Ins=0.0;SWscore=2578;color=#ff6666
chr7	67496316	67497819	.	13344	-	RepeatMasker-4.0.1	similarity	.	Target=PiggyBac-1_AstCal	DNA/PiggyBac	122	1634;Div=2.1;Del=0.8;Ins=0.2;SWscore=13344;color=#ff6666
chr7	67503864	67503984	.	1050	-	RepeatMasker-4.0.1	similarity	.	Target=PiggyBac-1_AstCal	DNA/PiggyBac	1	121;Div=1.6;Del=0.0;Ins=0.0;SWscore=1050;color=#ff6666
chr8	98216	98532	.	2474	-	RepeatMasker-4.0.1	similarity	.	Target=PiggyBac-1_AstCal	DNA/PiggyBac	1306	1634;Div=1.9;Del=3.8;Ins=0.0;SWscore=2474;color=#ff6666
chr8	296942	298570	.	14669	-	RepeatMasker-4.0.1	similarity	.	Target=PiggyBac-1_AstCal	DNA/PiggyBac	1	1634;Div=1.7;Del=0.3;Ins=0.0;SWscore=14669;color=#ff6666
chr8	2404926	2405242	.	2641	+	RepeatMasker-4.0.1	similarity	.	Target=PiggyBac-1_AstCal	DNA/PiggyBac	1306	1634;Div=2.2;Del=3.8;Ins=0.0;SWscore=2641;color=#ff6666
chr8	13018200	13018505	.	2333	-	RepeatMasker-4.0.1	similarity	.	Target=PiggyBac-1_AstCal	DNA/PiggyBac	1312	1634;Div=1.3;Del=5.9;Ins=0.3;SWscore=2333;color=#ff6666
chr8	15471535	15471845	.	2650	-	RepeatMasker-4.0.1	similarity	.	Target=PiggyBac-1_AstCal	DNA/PiggyBac	1312	1634;Div=1.3;Del=3.9;Ins=0.0;SWscore=2650;color=#ff6666
chr8	21740960	21741274	.	2420	+	RepeatMasker-4.0.1	similarity	.	Target=PiggyBac-1_AstCal	DNA/PiggyBac	1306	1634;Div=1.9;Del=4.4;Ins=0.0;SWscore=2420;color=#ff6666
chr9	697171	698586	.	12153	-	RepeatMasker-4.0.1	similarity	.	Target=PiggyBac-1_AstCal	DNA/PiggyBac	1	1427;Div=2.4;Del=1.8;Ins=1.0;SWscore=12153;color=#ff6666
chr9	916953	918374	.	12710	-	RepeatMasker-4.0.1	similarity	.	Target=PiggyBac-1_AstCal	DNA/PiggyBac	1	1427;Div=1.9;Del=0.4;Ins=0.1;SWscore=12710;color=#ff6666
chr9	2358098	2358414	.	2663	-	RepeatMasker-4.0.1	similarity	.	Target=PiggyBac-1_AstCal	DNA/PiggyBac	1306	1634;Div=1.9;Del=3.8;Ins=0.0;SWscore=2663;color=#ff6666
chr9	2446386	2446686	.	2401	-	RepeatMasker-4.0.1	similarity	.	Target=PiggyBac-1_AstCal	DNA/PiggyBac	1306	1634;Div=2.0;Del=9.3;Ins=0.0;SWscore=2401;color=#ff6666
chr9	2612375	2613992	.	14396	+	RepeatMasker-4.0.1	similarity	.	Target=PiggyBac-1_AstCal	DNA/PiggyBac	1	1634;Div=1.4;Del=1.4;Ins=0.4;SWscore=14396;color=#ff6666
chr9	2618566	2620182	.	14387	+	RepeatMasker-4.0.1	similarity	.	Target=PiggyBac-1_AstCal	DNA/PiggyBac	1	1634;Div=1.4;Del=1.4;Ins=0.3;SWscore=14387;color=#ff6666
chr9	2624756	2626372	.	14360	+	RepeatMasker-4.0.1	similarity	.	Target=PiggyBac-1_AstCal	DNA/PiggyBac	1	1634;Div=1.5;Del=1.4;Ins=0.3;SWscore=14360;color=#ff6666
chr9	3871206	3872735	.	12094	+	RepeatMasker-4.0.1	similarity	.	Target=PiggyBac-1_AstCal	DNA/PiggyBac	1	1634;Div=3.3;Del=6.9;Ins=0.1;SWscore=12094;color=#ff6666
chr9	4433508	4435136	.	14762	-	RepeatMasker-4.0.1	similarity	.	Target=PiggyBac-1_AstCal	DNA/PiggyBac	1	1634;Div=1.0;Del=0.4;Ins=0.1;SWscore=14762;color=#ff6666
chr9	4457993	4459622	.	14475	+	RepeatMasker-4.0.1	similarity	.	Target=PiggyBac-1_AstCal	DNA/PiggyBac	1	1634;Div=1.2;Del=0.6;Ins=0.4;SWscore=14475;color=#ff6666
chr9	4962967	4963283	.	2643	-	RepeatMasker-4.0.1	similarity	.	Target=PiggyBac-1_AstCal	DNA/PiggyBac	1306	1634;Div=1.9;Del=3.8;Ins=0.0;SWscore=2643;color=#ff6666
chr9	7226388	7226669	.	2045	-	RepeatMasker-4.0.1	similarity	.	Target=PiggyBac-1_AstCal	DNA/PiggyBac	1348	1634;Div=4.0;Del=4.3;Ins=2.4;SWscore=2045;color=#ff6666
chr9	8174291	8174607	.	2643	-	RepeatMasker-4.0.1	similarity	.	Target=PiggyBac-1_AstCal	DNA/PiggyBac	1306	1634;Div=1.9;Del=3.8;Ins=0.0;SWscore=2643;color=#ff6666
chr9	10625715	10626467	.	6301	+	RepeatMasker-4.0.1	similarity	.	Target=PiggyBac-1_AstCal	DNA/PiggyBac	1	759;Div=1.7;Del=0.8;Ins=0.0;SWscore=6301;color=#ff6666
chr9	11863683	11863999	.	2663	+	RepeatMasker-4.0.1	similarity	.	Target=PiggyBac-1_AstCal	DNA/PiggyBac	1306	1634;Div=1.9;Del=3.8;Ins=0.0;SWscore=2663;color=#ff6666
chr9	13775926	13777542	.	13447	+	RepeatMasker-4.0.1	similarity	.	Target=PiggyBac-1_AstCal	DNA/PiggyBac	1	1634;Div=1.9;Del=1.1;Ins=0.0;SWscore=13447;color=#ff6666
chr9	15885337	15885653	.	2436	+	RepeatMasker-4.0.1	similarity	.	Target=PiggyBac-1_AstCal	DNA/PiggyBac	1306	1634;Div=2.5;Del=3.8;Ins=0.0;SWscore=2436;color=#ff6666
chr9	18010449	18012067	.	14587	-	RepeatMasker-4.0.1	similarity	.	Target=PiggyBac-1_AstCal	DNA/PiggyBac	1	1634;Div=1.2;Del=1.1;Ins=0.2;SWscore=14587;color=#ff6666
chr9	22441898	22442214	.	2599	+	RepeatMasker-4.0.1	similarity	.	Target=PiggyBac-1_AstCal	DNA/PiggyBac	1306	1634;Div=1.6;Del=3.8;Ins=0.0;SWscore=2599;color=#ff6666
chr9	22624871	22626456	.	13064	+	RepeatMasker-4.0.1	similarity	.	Target=PiggyBac-1_AstCal	DNA/PiggyBac	1	1634;Div=1.8;Del=3.0;Ins=0.0;SWscore=13064;color=#ff6666
chr9	25338891	25339207	.	2432	-	RepeatMasker-4.0.1	similarity	.	Target=PiggyBac-1_AstCal	DNA/PiggyBac	1306	1634;Div=2.5;Del=3.8;Ins=0.0;SWscore=2432;color=#ff6666
chr9	33768294	33768610	.	2643	+	RepeatMasker-4.0.1	similarity	.	Target=PiggyBac-1_AstCal	DNA/PiggyBac	1306	1634;Div=1.9;Del=3.8;Ins=0.0;SWscore=2643;color=#ff6666
chr9	34954855	34956439	.	13968	+	RepeatMasker-4.0.1	similarity	.	Target=PiggyBac-1_AstCal	DNA/PiggyBac	12	1634;Div=1.8;Del=2.5;Ins=0.1;SWscore=13968;color=#ff6666
chr9	35427878	35428194	.	2615	-	RepeatMasker-4.0.1	similarity	.	Target=PiggyBac-1_AstCal	DNA/PiggyBac	1306	1634;Div=2.5;Del=3.8;Ins=0.0;SWscore=2615;color=#ff6666
